Gazeran,78,78269,48.6334275463,1.77758974594
Saint-Just-en-Brie,77,77416,48.6110276431,3.12128070176
Gif-sur-Yvette,91,91272,48.6988273634,2.12788365005
Saint-Denis,93,93066,48.9295650455,2.3592429975
Villejust,91,91666,48.6777382383,2.22294283132
Montereau-faut-Yonne,77,77305,48.3898830911,2.96155479657
Arpajon,91,91021,48.5908921647,2.24349117607
Limay,78,78335,48.9946438183,1.7398704848
Saint-Thibault-des-Vignes,77,77438,48.8637030584,2.67576810808
Orphin,78,78470,48.5760592256,1.78299740529
Mareil-Marly,78,78367,48.8807836526,2.07668355901
Vert-le-Petit,91,91649,48.552025472,2.36598547883
Châtelet-en-Brie (le),77,77100,48.5016068676,2.80339101971
Verrière (la),78,78644,48.7545862133,1.95133109322
Saint-Vrain,91,91579,48.5373210479,2.32289078443
Montdauphin,77,77303,48.8526076022,3.41948549224
Roissy-en-Brie,77,77390,48.7900855424,2.66122415764
Amillis,77,77002,48.7355504117,3.13534283623
Coudray-Montceaux (le),91,91179,48.5587791447,2.48742424481
Boissy-le-Châtel,77,77042,48.8253832401,3.13705190167
Chambry,77,77077,48.9985355569,2.89422161914
Carrières-sous-Poissy,78,78123,48.9455638989,2.02913706544
Vieux-Champagne,77,77496,48.5871399765,3.1382187303
Madeleine-sur-Loing (la),77,77267,48.2051069149,2.70184813969
Athis-Mons,91,91027,48.7092445775,2.38660492325
Gadancourt,95,95259,49.0985979496,1.85847770637
Ile-Saint-Denis (l'),93,93039,48.9395693769,2.32545252764
Cély,77,77065,48.4599875595,2.52531326233
Dampierre-en-Yvelines,78,78193,48.7037164037,1.97307941128
Oncy-sur-Ecole,91,91463,48.3819349973,2.45686876187
Villemoisson-sur-Orge,91,91667,48.6613107676,2.33108879096
Douy-la-Ramée,77,77163,49.0618013972,2.88351463449
Buthiers,77,77060,48.2869147685,2.45366687237
Egreville,77,77168,48.1821285238,2.88437118271
Chatignonville,91,91145,48.4687599817,1.93252874595
Mandres-les-Roses,94,94047,48.7058880174,2.54830741614
Labbeville,95,95328,49.1338305724,2.13502924194
Buc,78,78117,48.7718338876,2.12394286717
Vienne-en-Arthies,95,95656,49.0664410063,1.72229012946
Touquin,77,77469,48.7330599565,3.02878980311
Molières (les),91,91411,48.671525,2.07284691795
Esbly,77,77171,48.9005636441,2.81238845063
Montévrain,77,77307,48.8682918937,2.74959681841
Plessis-Saint-Benoist,91,91495,48.4451994125,2.0030499524
Saint-Leu-la-Forêt,95,95563,49.0202164812,2.24676044206
Quincy-Voisins,77,77382,48.8993902334,2.87746538082
Rupéreux,77,77396,48.6426005299,3.32681043883
Soisy-sur-Ecole,91,91599,48.4786667096,2.48222153936
Perray-en-Yvelines (le),78,78486,48.6968018136,1.84356131142
Massy,91,91377,48.7277896426,2.27513131903
Thillay (le),95,95612,49.004277001,2.46927524969
Champmotteux,91,91137,48.3439397579,2.31485115366
Barbizon,77,77022,48.4485166396,2.60051335634
Cheptainville,91,91156,48.5465841683,2.27416218366
Juilly,77,77241,49.0216143315,2.70583283653
Villemer,77,77506,48.303657213,2.82605774417
Blaru,78,78068,49.0407915695,1.48063662849
Jouy-le-Moutier,95,95323,49.0113625056,2.03408317867
Mulcent,78,78439,48.8784123632,1.65209205778
Neuilly-sur-Seine,92,92051,48.8853719688,2.26642584746
Bièvres,91,91064,48.7567351109,2.20665207098
Vaujours,93,93074,48.9324772605,2.5810025704
Nonville,77,77340,48.28866643,2.7739294965
Chavenay,78,78152,48.8483573502,1.98288004519
Achères,78,78005,48.9717990892,2.09003871824
Sailly,78,78536,49.0430008047,1.79368235837
Saint-Clair-sur-Epte,95,95541,49.2131541909,1.70318156018
Villabé,91,91659,48.5857767602,2.45200288236
Frépillon,95,95256,49.0501306912,2.20489899147
Pierrefitte-sur-Seine,93,93059,48.9609833355,2.36328125445
Argentières,77,77007,48.6520584665,2.87089488924
Goussainville,95,95280,49.024343017,2.46619848866
Fublaines,77,77199,48.939144787,2.94066585893
Alfortville,94,94002,48.7960843864,2.42124593241
Férolles-Attilly,77,77180,48.7335952478,2.63893813128
Rochette (la),77,77389,48.5068460173,2.65955941883
Menucourt,95,95388,49.0275422182,1.9746848215
Samois-sur-Seine,77,77441,48.4550515717,2.75291155262
Neauphlette,78,78444,48.935347635,1.54227113276
Livry-sur-Seine,77,77255,48.5051016281,2.68647821336
Signy-Signets,77,77451,48.9173760452,3.06397097105
Juvisy-sur-Orge,91,91326,48.6918789321,2.37393682594
Marolles-en-Brie,77,77278,48.7741847386,3.16145494015
Féricy,77,77179,48.4651858687,2.80348330714
Boissy-la-Rivière,91,91079,48.3824146625,2.17005086721
Tremblay-en-France,93,93073,48.9784304121,2.55468501543
Morigny-Champigny,91,91433,48.4409475427,2.20748797746
Chamarande,91,91132,48.5167739657,2.21800082924
Saint-Cyr-la-Rivière,91,91544,48.3501033292,2.13743376012
Plaisir,78,78490,48.8126082296,1.94698515715
Favrieux,78,78231,48.9448446994,1.64166996008
Iverny,77,77233,48.9962439672,2.79088918596
Sancy,77,77443,48.8791674631,2.96108511605
Samoreau,77,77442,48.4200104372,2.76978734105
Congis-sur-Thérouanne,77,77126,49.0125341698,2.97847858444
Saint-Cyr-sur-Morin,77,77405,48.9119288243,3.17472722013
Morangis,91,91432,48.702703885,2.33614296581
Villiers-le-Bâcle,91,91679,48.7288080861,2.1221470247
Grandpuits-Bailly-Carrois,77,77211,48.5823205697,2.97582475865
Bouffémont,95,95091,49.04157253,2.29838457991
Lommoye,78,78344,48.9973952578,1.51644406225
Vulaines-sur-Seine,77,77533,48.4316360223,2.7693476397
Fay-lès-Nemours,77,77178,48.2276874711,2.66412171118
Mesnil-le-Roi,78,78396,48.9257999518,2.1221732386
Gouzangrez,95,95282,49.113864439,1.90836879616
Saint-Martin-en-Bière,77,77425,48.4342403607,2.57483458282
Arville,77,77009,48.1812755865,2.55657978
Crégy-lès-Meaux,77,77143,48.9776563538,2.87369096046
Bréançon,95,95102,49.1493481193,2.02307108872
Vaires-sur-Marne,77,77479,48.8697812117,2.63565952774
Epiais-lès-Louvres,95,95212,49.030193287,2.54884090855
Viry-Châtillon,91,91687,48.6696168935,2.37374357641
Ablon-sur-Seine,94,94001,48.7238409464,2.42117629348
Bois-Herpin,91,91075,48.3717921411,2.24398863454
Rochefort-en-Yvelines,78,78522,48.5924280148,1.97977823093
Vinantes,77,77525,49.0033668902,2.73993236891
Mousseaux-lès-Bray,77,77321,48.3959388077,3.22954318005
Ormesson-sur-Marne,94,94055,48.7854562744,2.53924214317
Héricy,77,77226,48.4418336444,2.7894248816
Vaudoy-en-Brie,77,77486,48.6975609206,3.08246340296
Chapelle-Rablais (la),77,77089,48.5059176558,2.96075561449
Sucy-en-Brie,94,94071,48.7656456593,2.5330560803
Ecuelles,77,77166,48.3579378579,2.8311102415
Montgeron,91,91421,48.6951531801,2.46249881778
Châtres,77,77104,48.7127586287,2.8158417118
Jouy-Mauvoisin,78,78324,48.9744681009,1.64659377662
Bourdonné,78,78096,48.7543239729,1.65394025504
Fleury-Mérogis,91,91235,48.6333048682,2.36825308788
Neuilly-en-Vexin,95,95447,49.1737847677,1.98023153343
Bruyères-le-Châtel,91,91115,48.600315457,2.18687041469
Montcourt-Fromonville,77,77302,48.2991784842,2.71237772012
Courgent,78,78185,48.8957168468,1.65941323514
Villenauxe-la-Petite,77,77507,48.4004012721,3.31327470557
Tombe (la),77,77467,48.3867483242,3.09357430759
Maurepas,78,78383,48.7698393561,1.92404037065
Nantouillet,77,77332,49.0009752296,2.70169532567
Us,95,95625,49.1048076828,1.95764610139
Valpuiseaux,91,91629,48.3922279636,2.30328757315
Nointel,95,95452,49.1288691946,2.29434375998
Allainville,78,78009,48.4678049422,1.90248656235
Mesnuls (les),78,78398,48.754542649,1.83436184333
Coubron,93,93015,48.9176519555,2.57631231652
Mennecy,91,91386,48.5586242184,2.43753236038
Gournay-sur-Marne,93,93033,48.8605817902,2.57543313796
Brétigny-sur-Orge,91,91103,48.6025113399,2.3021623232
Ville-du-Bois (la),91,91665,48.6610194975,2.26503430984
Arrancourt,91,91022,48.3267041104,2.15155534916
Echouboulains,77,77164,48.4637199643,2.92959930761
Suresnes,92,92073,48.8698479132,2.21965517625
Jouarre,77,77238,48.9025410128,3.11280532504
Crisenoy,77,77145,48.6032562685,2.74469618837
Grande-Paroisse (la),77,77210,48.3917544483,2.89831742058
Perchay (le),95,95483,49.1164053302,1.92739087092
Montolivet,77,77314,48.8279632534,3.43159250475
Episy,77,77170,48.3316203245,2.79304684354
Gagny,93,93032,48.8820763119,2.5449484757
Saint-Cyr-sous-Dourdan,91,91546,48.5655061412,2.03782109729
Orsay,91,91471,48.7004093953,2.18737051177
Thomery,77,77463,48.4042073432,2.77997290314
Gretz-Armainvilliers,77,77215,48.7495328893,2.72623578521
Versailles,78,78646,48.8025669671,2.11789297191
Saint-Denis-lès-Rebais,77,77406,48.845087486,3.19932466379
Vitry-sur-Seine,94,94081,48.7882828307,2.39412680533
Saint-Sauveur-lès-Bray,77,77434,48.4379889484,3.20463281198
Issou,78,78314,48.9869955946,1.7891449839
Goussonville,78,78281,48.9235015144,1.76677229339
Milon-la-Chapelle,78,78406,48.7284642837,2.04661853944
Achères-la-Forêt,77,77001,48.348528561,2.56456686676
Orcemont,78,78464,48.5968578246,1.80955275599
Ville-Saint-Jacques,77,77516,48.3445385787,2.89832891808
Pécy,77,77357,48.6467079831,3.07507507912
Voulangis,77,77529,48.8403121801,2.88971628574
Colombes,92,92025,48.9225179147,2.24675160629
Saint-Maurice-Montcouronne,91,91568,48.5789512305,2.12082584197
Persan,95,95487,49.1497441715,2.26978393249
Quiers,77,77381,48.6142332217,2.96159846336
Chaufour-lès-Bonnières,78,78147,49.0158393703,1.48536401441
Antony,92,92002,48.7503412602,2.2993268102
Guillerval,91,91294,48.368305642,2.07601234971
Sannois,95,95582,48.9717773111,2.25299514112
Voinsles,77,77527,48.6812171201,3.01742252986
Melz-sur-Seine,77,77289,48.5040892203,3.39694181186
Freneuse,78,78255,49.0495054013,1.61035317023
Aubergenville,78,78029,48.9626916321,1.84870251916
Pré-Saint-Gervais (le),93,93061,48.8846734877,2.40542232961
Vaux-sur-Seine,78,78638,49.0095815158,1.97449626486
Bussy-Saint-Martin,77,77059,48.8462454012,2.67900406868
Ezanville,95,95229,49.038600379,2.36269120289
Chennevières-lès-Louvres,95,95154,49.0420924353,2.54653894777
Marcq,78,78364,48.8642310591,1.82382085659
Aulnoy,77,77013,48.8488670481,3.08940930217
Sainte-Aulde,77,77401,49.0030713082,3.1746031904
Chenou,77,77110,48.1650303616,2.65274445287
Auffargis,78,78030,48.6842952632,1.90243823035
Voulx,77,77531,48.2852061062,2.96998252338
Bessancourt,95,95060,49.0373082647,2.19851000707
Bonneuil-en-France,95,95088,48.9651461518,2.43492885419
Longnes,78,78346,48.9228573814,1.57947128882
Andelu,78,78013,48.8882282833,1.81107773324
Houssaye-en-Brie (la),77,77229,48.756188625,2.86795216078
Chevrainvilliers,77,77112,48.2459789311,2.60246070694
Vaucresson,92,92076,48.8410515899,2.16026455161
Poigny-la-Forêt,78,78497,48.6829262881,1.75440035013
Beauchery-Saint-Martin,77,77026,48.6022245541,3.42081185296
Armentières-en-Brie,77,77008,48.9805568845,3.01556654649
Bazemont,78,78049,48.9318976597,1.87410045764
Mortcerf,77,77318,48.7828938577,2.90546822956
Boulogne-Billancourt,92,92012,48.8365843138,2.23913599058
Châtillon,92,92020,48.8034091756,2.28799131883
Luisetaines,77,77263,48.4610681499,3.18563257802
Fontainebleau,77,77186,48.4066856508,2.68031396389
Béhoust,78,78053,48.8324001775,1.72423748749
Plessis-Trévise (le),94,94059,48.8060154583,2.57619846918
Haute-Isle,95,95301,49.0827306409,1.66281760836
Toussus-le-Noble,78,78620,48.7466272252,2.1179056339
Fourqueux,78,78251,48.8853336012,2.05562938511
Clamart,92,92023,48.7964306792,2.25474652922
Bréau,77,77052,48.5575023659,2.87972860182
Boinvilliers,78,78072,48.9204900199,1.66289347528
Saint-Brice-sous-Forêt,95,95539,49.0019033624,2.35030688962
Fontenailles,77,77191,48.5324483364,2.92730889492
Obsonville,77,77342,48.2165551692,2.56864950435
Mériel,95,95392,49.0771587262,2.21325051405
Chalo-Saint-Mars,91,91130,48.4167324924,2.05158821673
Chapelle-Moutils (la),77,77093,48.7774367045,3.38271618157
Bagnolet,93,93006,48.8690836308,2.42274096688
Saulx-Marchais,78,78588,48.8461753929,1.83624882514
Clichy,92,92024,48.9035359139,2.30575230452
Saint-Jean-les-Deux-Jumeaux,77,77415,48.9387834694,3.02695540228
Vallangoujard,95,95627,49.1340749867,2.10393344842
Brie-Comte-Robert,77,77053,48.6920490316,2.6140606052
Villebéon,77,77500,48.2049138912,2.92837301126
Croissy-Beaubourg,77,77146,48.8167092612,2.65547869791
Saint-Ange-le-Viel,77,77399,48.2723686746,2.90471445471
Pussay,91,91511,48.3501390368,1.99758393379
Saint-Gervais,95,95554,49.1669076657,1.76166350491
Saint-Ouen-en-Brie,77,77428,48.56560984,2.9198513048
Bailly,78,78043,48.8366896896,2.08067809572
Lieusaint,77,77251,48.6259910244,2.54994732668
Villette,78,78677,48.9262788706,1.69374172457
Crèvecoeur-en-Brie,77,77144,48.7560531013,2.90716174383
Vieille-Eglise-en-Yvelines,78,78655,48.669743712,1.87479828191
Mons-en-Montois,77,77298,48.4912312558,3.13957041829
Roche-Guyon (la),95,95523,49.0874855412,1.63442620987
Tremblay-sur-Mauldre (le),78,78623,48.7834999157,1.878022372
Plessis-l'Evêque (le),77,77366,49.0072248611,2.79558517777
Valenton,94,94074,48.752872402,2.46129479573
Ballainvilliers,91,91044,48.6713240802,2.28913874502
Torfou,91,91619,48.5320494268,2.23447204587
Bennecourt,78,78057,49.0479974948,1.57232432462
Longueville,77,77260,48.5144915649,3.23853264046
Maisse,91,91359,48.3958941333,2.37009405843
Quincy-sous-Sénart,91,91514,48.6703327314,2.52837404941
Chapelles-Bourbon (les),77,77091,48.7435938293,2.83654734794
Orly-sur-Morin,77,77345,48.9011406989,3.22658496593
Boissise-le-Roi,77,77040,48.5119779126,2.56991909533
Breuillet,91,91105,48.5718215115,2.16598389799
Puiseux-en-France,95,95509,49.0668504076,2.48852340935
Villeconin,91,91662,48.5019182614,2.12813043077
Breux-Jouy,91,91106,48.5549501512,2.16049670709
Epiais-Rhus,95,95213,49.1238363223,2.07311253247
Créteil,94,94028,48.7837401836,2.45463530415
Aubepierre-Ozouer-le-Repos,77,77010,48.620275445,2.90287523402
Saint-Augustin,77,77400,48.789144962,3.02887733096
Donnemarie-Dontilly,77,77159,48.4778429138,3.11825735705
Fontenay-sous-Bois,94,94033,48.8511046382,2.47395409774
Bondy,93,93010,48.9023234526,2.4837276939
Ablis,78,78003,48.5283257707,1.85096499421
Enghien-les-Bains,95,95210,48.97016048,2.30485955429
Asnières-sur-Oise,95,95026,49.1407338587,2.3800597257
Claye-Souilly,77,77118,48.9429697515,2.67523211808
Faremoutiers,77,77176,48.7783722685,3.00021735955
Viarmes,95,95652,49.1231107932,2.37799676025
Egly,91,91207,48.5778313904,2.22141176606
Boissettes,77,77038,48.523493031,2.6146358615
Ulis (les),91,91692,48.680321482,2.18518955
Soisy-Bouy,77,77456,48.5084866501,3.29987604926
Neuilly-sur-Marne,93,93050,48.8624578581,2.54000288785
Courcelles-en-Bassée,77,77133,48.4125606521,3.05294050556
Angerville,91,91016,48.3095627706,2.00619112268
Villejuif,94,94076,48.7928547268,2.36006103249
Laval-en-Brie,77,77245,48.4552750724,2.97557988604
Montfort-l'Amaury,78,78420,48.771347152,1.80894544858
Bonnières-sur-Seine,78,78089,49.0200145553,1.57058771832
Lizines,77,77256,48.5280718067,3.16532874131
Villiers-sur-Seine,77,77522,48.4563743528,3.38301719826
Moisenay,77,77295,48.5645621495,2.74111082771
Villemomble,93,93077,48.8848370021,2.50893406035
Pontcarré,77,77374,48.796292771,2.70744366503
Rampillon,77,77383,48.5410434258,3.07288099272
Fontenay-Saint-Père,78,78246,49.0279919911,1.75448471704
Viroflay,78,78686,48.802404069,2.17151291149
Maudétour-en-Vexin,95,95379,49.1093620224,1.77708417418
Sermaise,91,91593,48.5310930707,2.08893971049
Cléry-en-Vexin,95,95166,49.1319286241,1.8481642148
Champigny-sur-Marne,94,94017,48.817254364,2.51709815257
Marines,95,95370,49.1480448573,1.98376019265
Chauffour-lès-Etréchy,91,91148,48.5078619555,2.16843822281
Fontenay-Mauvoisin,78,78245,48.9610924482,1.64777778517
Chapelle-la-Reine  (la),77,77088,48.3159462288,2.56669707188
Perdreauville,78,78484,48.9704575821,1.61325162938
Aulnay-sous-Bois,93,93005,48.9458384367,2.49329041687
Fontains,77,77190,48.521763357,3.00687060558
Villiers-sur-Marne,94,94079,48.8259586165,2.54520483293
Montlignon,95,95426,49.0141682011,2.28900488904
Saint-Martin-du-Tertre,95,95566,49.1039330244,2.33445740142
Fromont,77,77198,48.2535112843,2.50835017332
Amenucourt,95,95012,49.11033118,1.65004984269
Janville-sur-Juine,91,91318,48.5011134841,2.25385756053
Chalmaison,77,77076,48.4901641224,3.25643675614
Collégien,77,77121,48.827339231,2.67744722497
Gargenville,78,78267,48.9931450718,1.81069376214
Mée-sur-Seine (le),77,77285,48.5394588477,2.62902482677
Germigny-l'Evêque,77,77203,48.9859507813,2.95833193991
Vanves,92,92075,48.8215227089,2.28739490768
Epône,78,78217,48.9471759683,1.81269584925
Trétoire (la),77,77472,48.8788972003,3.24649489754
Cesson,77,77067,48.5647346588,2.59524476663
Moussy-le-Vieux,77,77323,49.047876566,2.62361968974
Eaubonne,95,95203,48.9909940165,2.27800925488
Précy-sur-Marne,77,77376,48.932278559,2.76825616233
Hautefeuille,77,77224,48.7665435966,2.96358737497
Maison-Rouge,77,77272,48.5549428355,3.15134604553
Cucharmoy,77,77149,48.5893108567,3.17911860065
Garches,92,92033,48.8450113548,2.18665007789
Marêts (les),77,77275,48.6725110307,3.31659971579
Conflans-Sainte-Honorine,78,78172,49.0001007823,2.0990719052
Egligny,77,77167,48.4397062203,3.12418051446
Fontaine-Fourches,77,77187,48.4120304455,3.39431258442
Saint-Pierre-du-Perray,91,91573,48.6058282604,2.51614926696
Mesnil-Aubry (le),95,95395,49.0535430501,2.39230869097
Boussy-Saint-Antoine,91,91097,48.6895309069,2.53381915314
Chapet,78,78140,48.9681465305,1.9401229913
Larchant,77,77244,48.2829275322,2.59886669587
Bondoufle,91,91086,48.6140476567,2.38002541357
Ury,77,77477,48.3408766133,2.60035520757
Vaucourtois,77,77484,48.8988382748,2.95694205944
Reuil-en-Brie,77,77388,48.9565680166,3.16343930327
Boutigny-sur-Essonne,91,91099,48.4361818403,2.3954223757
Gommecourt,78,78276,49.0711557318,1.5943070354
Hérouville,95,95308,49.1048939093,2.12722046859
Génicourt,95,95271,49.0948354012,2.06072705902
Compans,77,77123,48.9892298685,2.6561103822
Villevaudé,77,77517,48.9117801079,2.66224807334
Moigny-sur-Ecole,91,91408,48.4371290941,2.43964124963
Châtenay-sur-Seine,77,77101,48.4199405158,3.09453028466
Seraincourt,95,95592,49.0421395607,1.87866991801
Saclas,91,91533,48.3583856207,2.11333214124
Autouillet,78,78036,48.8439307646,1.79700207496
Bassevelle,77,77024,48.9228496694,3.28206618815
Celle-sur-Morin (la),77,77063,48.7964965898,2.97175354301
Guernes,78,78290,49.0153671856,1.64238528866
Davron,78,78196,48.8636419011,1.94749093682
Cuisy,77,77150,49.0197878433,2.77789349097
Louvres,95,95351,49.0422977702,2.50358491408
Courtacon,77,77137,48.7030582245,3.29070185635
Brouy,91,91112,48.3264481207,2.28927890389
Changis-sur-Marne,77,77084,48.9663532581,3.02513385587
Noisy-le-Grand,93,93051,48.8361825401,2.56443736814
Ennery,95,95211,49.0784386043,2.10941210454
Flacourt,78,78234,48.9323338229,1.64260422917
Aufferville,77,77011,48.2049342797,2.60096783271
Evry-Grégy-sur-Yerre,77,77175,48.6536042911,2.63969411828
Mary-sur-Marne,77,77280,49.0154576269,3.0331378952
Mureaux (les),78,78440,48.9888041078,1.91363448925
Soignolles-en-Brie,77,77455,48.645281445,2.70806809246
Boissy-le-Sec,91,91081,48.4846711917,2.09143210906
Houdan,78,78310,48.7988973157,1.59677099646
Garancières,78,78265,48.8236041214,1.75831799114
Blandy,91,91067,48.3237539135,2.25785911069
Raincy (le),93,93062,48.8967447585,2.51973664021
Wissous,91,91689,48.7294509959,2.32903292215
Nogent-sur-Marne,94,94052,48.8366634713,2.48166741533
Courpalay,77,77135,48.6431647905,2.95363659912
Osmoy,78,78475,48.8640021137,1.71710528225
Dammartin-en-Serve,78,78192,48.9114065992,1.61781290103
Stains,93,93072,48.9567775699,2.3854495629
Marchémoret,77,77273,49.0528552524,2.75169281381
Chevreuse,78,78160,48.707150143,2.03714431459
Saint-Forget,78,78548,48.7127668824,1.99703639595
Courances,91,91180,48.4385478349,2.48480049204
Bezalles,77,77033,48.6668121483,3.24024781081
Forges,77,77194,48.4219059797,2.94877394582
Vaux-le-Pénil,77,77487,48.5245871061,2.69727154378
Choisel,78,78162,48.6739368242,2.01450641994
Cessoy-en-Montois,77,77068,48.5073073046,3.13884419418
Mespuits,91,91399,48.3583012409,2.27660044339
Millemont,78,78404,48.8080583549,1.72531897998
Beautheil,77,77028,48.761172382,3.09611614733
Tigeaux,77,77466,48.8251475937,2.89871358774
Saint-Martin-du-Boschet,77,77424,48.7323588994,3.42880146544
Saint-Rémy-la-Vanne,77,77432,48.8125459558,3.24204081614
Saint-Germain-de-la-Grange,78,78550,48.8330731847,1.90235458205
Falaise (la),78,78230,48.9369496827,1.82537874212
Fouju,77,77195,48.5874212672,2.76525600537
Saint-Sulpice-de-Favières,91,91578,48.5363608889,2.17969276336
Villeneuve-sur-Auvers,91,91671,48.4671191613,2.25415010197
Parmain,95,95480,49.1228699088,2.201277887
Villiers-Saint-Georges,77,77519,48.6516910276,3.40775745476
Rouilly,77,77391,48.5914740007,3.28881979874
Marly-la-Ville,95,95371,49.0815057636,2.5087179751
Maulette,78,78381,48.7839119459,1.61644019132
Chevry-Cossigny,77,77114,48.7228150234,2.67680477981
Heaulme (le),95,95303,49.1669918244,2.00040147185
Abbéville-la-Rivière,91,91001,48.3437461384,2.19127679346
Emerainville,77,77169,48.8197762376,2.60897006725
Coulommes,77,77130,48.8919104938,2.92942534432
Provins,77,77379,48.5633093312,3.28756780085
Beaumont-du-Gâtinais,77,77027,48.1407704243,2.4920346913
Seine-Port,77,77447,48.5514696661,2.55439654626
Vimpelles,77,77524,48.4430647512,3.16654310181
Bray-sur-Seine,77,77051,48.4145972795,3.24389965363
Bourg-la-Reine,92,92014,48.7799073627,2.31643010763
Rouvres,77,77392,49.0637945293,2.71838722882
Ménerville,78,78385,48.9566835717,1.59610818145
Villeneuve-Saint-Georges,94,94078,48.7413809637,2.448998846
Fosses,95,95250,49.1000437966,2.49906495383
Brosse-Montceaux (la),77,77054,48.3389431289,3.02362728915
Coutençon,77,77140,48.4729414867,2.9972836252
Lardy,91,91330,48.5270354108,2.27017712838
Pomponne,77,77372,48.8867221487,2.67487662086
Bezons,95,95063,48.9259810125,2.21133387765
Vignely,77,77498,48.9326287098,2.81578532754
Vendrest,77,77490,49.0415084133,3.10843248735
Saint-Gratien,95,95555,48.9689724948,2.28518003438
Bouqueval,95,95094,49.0223417404,2.42997422795
Isle-Adam (l'),95,95313,49.1072255924,2.23436241795
Grisy-les-Plâtres,95,95287,49.1332346678,2.0484611533
Hodent,95,95309,49.1421704888,1.762430658
Gambais,78,78263,48.7796089951,1.67651742335
Chamigny,77,77078,48.9851781012,3.14218296932
Queue-en-Brie (la),94,94060,48.7775866104,2.58385577608
Noisy-le-Sec,93,93053,48.891322463,2.45913647372
Chaumontel,95,95149,49.1289962967,2.43643330005
Vernouillet,78,78643,48.9655697167,1.97530302109
Tessancourt-sur-Aubette,78,78609,49.0250430993,1.91835280056
Tigery,91,91617,48.6444988439,2.51906038006
Marcoussis,91,91363,48.6463321888,2.20621393661
Blandy,77,77034,48.5601991238,2.79501080828
Puteaux,92,92062,48.8837094969,2.23834178314
Mareil-sur-Mauldre,78,78368,48.8886067884,1.87528129432
Granges-le-Roi (les),91,91284,48.4981066436,2.01059778399
Saint-Jean-de-Beauregard,91,91560,48.6657065613,2.17124577371
Paray-Douaville,78,78478,48.4599663329,1.86291670006
Ollainville,91,91461,48.6063091787,2.21888103138
Chapelle-Saint-Sulpice (la),77,77090,48.5577472984,3.17990030417
Trilport,77,77475,48.958724925,2.9662410397
Saint-Mandé,94,94067,48.842440243,2.4192191088
Alluets-le-Roi (les),78,78010,48.9143168349,1.91476236453
Sognolles-en-Montois,77,77454,48.5188148305,3.15220326867
Saintry-sur-Seine,91,91577,48.5930107359,2.4941919266
Jeufosse,78,78320,49.0353541387,1.53724970145
Crécy-la-Chapelle,77,77142,48.8567446134,2.93331153745
Prunay-le-Temple,78,78505,48.8592898143,1.67130114666
Mours,95,95436,49.1303947491,2.26415088892
Barbey,77,77021,48.3660335449,3.05001183138
Neuville-sur-Oise,95,95450,49.0173343999,2.06276656128
Tousson,77,77471,48.3433486346,2.45792608191
Théméricourt,95,95610,49.0903809548,1.90532262834
Guiry-en-Vexin,95,95295,49.1158466771,1.85568912619
Buhy,95,95119,49.1917501414,1.70277550581
Lagny-sur-Marne,77,77243,48.8730701858,2.70978081313
Civry-la-Forêt,78,78163,48.8642006092,1.61682938801
Bois-le-Roi,77,77037,48.476036197,2.70159529081
Hauteville (la),78,78302,48.7048932149,1.62739461782
Perthes,77,77359,48.479730606,2.55038052003
Montmachoux,77,77313,48.3199642252,2.99238308461
Hargeville,78,78300,48.8952160962,1.74614665372
Rungis,94,94065,48.7494821504,2.35281832827
Montgeroult,95,95422,49.0908042782,2.00787015509
Bobigny,93,93008,48.907688244,2.43863982727
Villenoy,77,77513,48.9414484528,2.85149852192
Arnouville-lès-Gonesse,95,95019,48.9858270233,2.41714370822
Thiais,94,94073,48.7607841928,2.38537729524
Chanteloup-les-Vignes,78,78138,48.9759961298,2.03199829577
Hondevilliers,77,77228,48.9036037972,3.31190232857
Vigneux-sur-Seine,91,91657,48.7037445355,2.42793203784
Pin (le),77,77363,48.9144329004,2.62838554691
Saint-Martin-la-Garenne,78,78567,49.0359613307,1.6773072296
Boissière-Ecole (la),78,78077,48.6898883767,1.66775518226
Prunay-en-Yvelines,78,78506,48.5267627187,1.80513972814
Vernou-la-Celle-sur-Seine,77,77494,48.4062374172,2.85382135685
Paley,77,77353,48.2409902344,2.85393444453
Maisoncelles-en-Gâtinais,77,77271,48.1827929678,2.6212297089
Avernes,95,95040,49.0888264241,1.87003944746
Boissy-le-Cutté,91,91080,48.4702885961,2.28518160664
Bouafle,78,78090,48.9605828143,1.8971510926
Béthemont-la-Forêt,95,95061,49.0543170878,2.25114028557
Arronville,95,95023,49.1740736985,2.1128755699
Courtomer,77,77138,48.6580781598,2.89624103762
Montrouge,92,92049,48.8153032159,2.31648921432
Ecquevilly,78,78206,48.9459356042,1.92004051912
Saint-Léger-en-Yvelines,78,78562,48.7300275731,1.75992099738
Saints,77,77433,48.7643724711,3.05922570921
Sainte-Mesme,78,78569,48.5356862351,1.94057719252
Mormant,77,77317,48.5977701825,2.88204553613
Saint-Méry,77,77426,48.570308165,2.83791524459
Grisy-Suisnes,77,77217,48.6844503585,2.67647246485
Montalet-le-Bois,78,78416,49.0489897377,1.82996135013
Villepinte,93,93078,48.9590202538,2.53630634206
Dagny,77,77151,48.7137379393,3.16528278931
Courdimanche,95,95183,49.040676793,1.99944359181
Sartrouville,78,78586,48.9396085498,2.17458686513
Lizy-sur-Ourcq,77,77257,49.0352062852,3.01893213028
Bouray-sur-Juine,91,91095,48.5123020136,2.29610342228
Drancy,93,93029,48.9234246259,2.44492688692
Chevannes,91,91159,48.5335355797,2.44062628529
Rosny-sous-Bois,93,93064,48.8745763768,2.4863404591
Marolles-en-Beauce,91,91374,48.3692255214,2.20423612616
Saint-Germain-sur-Ecole,77,77412,48.4743072486,2.51078189836
Montgé-en-Goële,77,77308,49.0293871876,2.74391030915
Crespières,78,78189,48.8822021619,1.921122695
Saint-Soupplets,77,77437,49.0367930626,2.80251354691
Chauvry,95,95151,49.0530490833,2.26887039033
Saint-Hilaire,91,91556,48.4416195593,2.08707092552
Dammartin-en-Goële,77,77153,49.0541690491,2.67926104225
Seugy,95,95594,49.1230209321,2.39479551154
Corbreuse,91,91175,48.494765705,1.96031071197
Joinville-le-Pont,94,94042,48.8193683216,2.47044977809
Paray-Vieille-Poste,91,91479,48.7241848219,2.3598349385
Ecouen,95,95205,49.0260643173,2.38485695599
Souppes-sur-Loing,77,77458,48.186873445,2.74753245184
Vaugrigneuse,91,91634,48.6013342807,2.10541488357
Hermé,77,77227,48.4860963164,3.34599463077
Recloses,77,77386,48.3397926462,2.64268589454
Saint-Germain-sur-Morin,77,77413,48.8752580652,2.84028985019
Noisy-Rudignon,77,77338,48.3364793453,2.93408964722
Neufmoutiers-en-Brie,77,77336,48.7742365844,2.82602108151
Carnetin,77,77062,48.9042186439,2.69939855845
Bry-sur-Marne,94,94015,48.8384095661,2.52319657626
Guignes,77,77222,48.6358224167,2.80042109731
Cormeilles-en-Parisis,95,95176,48.9682249677,2.19921349468
Maffliers,95,95353,49.083629147,2.312333333
Saint-Germain-en-Laye,78,78551,48.9407041394,2.09870929375
Léchelle,77,77246,48.5720242437,3.38931768623
Ozouer-le-Voulgis,77,77352,48.6647166241,2.77681122892
Saclay,91,91534,48.7354339366,2.1663021309
Nanteuil-lès-Meaux,77,77330,48.9285877665,2.8991405174
Piscop,95,95489,49.0165874672,2.34203473029
Tilly,78,78618,48.8779765086,1.57500969279
Port-Villez,78,78503,49.0579600659,1.51633686428
Lilas (les),93,93045,48.8819208939,2.419667821
Marolles-sur-Seine,77,77279,48.3838863955,3.03202165862
Champdeuil,77,77081,48.6222116922,2.73123167134
Jouars-Ponchartrain,78,78321,48.7904544648,1.90784227893
Banthelu,95,95046,49.125635171,1.81493362014
Villeneuve-la-Garenne,92,92078,48.9364061917,2.32448995943
Morsang-sur-Orge,91,91434,48.6562855194,2.35088739655
D'Huison-Longueville,91,91198,48.4557191202,2.32754055181
Meigneux,77,77286,48.5137853479,3.09690502787
Verrières-le-Buisson,91,91645,48.75044312,2.25171297214
Clayes-sous-Bois (les),78,78165,48.8186406601,1.9840595554
Villecresnes,94,94075,48.7208692486,2.53157741439
Fontenay-le-Fleury,78,78242,48.8177984988,2.04662335413
Forêt-le-Roi (la),91,91247,48.4755183328,2.0468515284
Louan-Villegruis-Fontaine,77,77262,48.6145636708,3.48915109409
May-en-Multien,77,77283,49.0699868201,3.02518523427
Wy-Dit-Joly-Village,95,95690,49.0958197758,1.82502883308
Thiverval-Grignon,78,78615,48.8442697487,1.93387158899
Roissy-en-France,95,95527,49.00660444,2.51417743519
Coutevroult,77,77141,48.8533091691,2.8480997097
Meaux,77,77284,48.9570625667,2.90003097245
Orgerus,78,78465,48.8379711706,1.69620236301
Chapelle-Gauthier (la),77,77086,48.5306744733,2.86286787769
Malakoff,92,92046,48.8169695977,2.29693599517
Bougligny,77,77045,48.1990049427,2.66712074887
Magnanville,78,78354,48.9681925896,1.68567158514
Guérard,77,77219,48.8187519127,2.95160900564
Saint-Germain-Laval,77,77409,48.4089652816,2.99481722359
Diant,77,77158,48.2914084366,3.00508294667
Kremlin-Bicêtre (le),94,94043,48.809220102,2.35657965243
Roinvilliers,91,91526,48.3446966636,2.23697563097
Méry-sur-Marne,77,77290,48.9758033075,3.20315053013
Mérobert,91,91393,48.4157801741,1.99629785985
Noisy-le-Roi,78,78455,48.8465154476,2.05479110499
Nanteau-sur-Lunain,77,77329,48.2542947605,2.81304078481
Montigny-le-Bretonneux,78,78423,48.779658781,2.02952194549
Moisselles,95,95409,49.0459598728,2.33744939306
Saint-Loup-de-Naud,77,77418,48.5369790408,3.21790168625
Brignancourt,95,95110,49.1395537337,1.94352100236
Saint-Pierre-lès-Nemours,77,77431,48.2646880491,2.66647381403
Limetz-Villez,78,78337,49.0598121683,1.55067599474
Beauchamp,95,95051,49.0148746005,2.19223334805
Vauhallan,91,91635,48.7307999031,2.19905265979
Norville (la),91,91457,48.5814225294,2.26569127873
Vaux-sur-Lunain,77,77489,48.2172127701,2.95608687154
Périgny,94,94056,48.6968359635,2.56167940426
Gentilly,94,94037,48.8132044389,2.34420659702
Milly-la-Forêt,91,91405,48.4032948231,2.46495403521
Berville,95,95059,49.1924943178,2.07091417142
Nangis,77,77327,48.554637282,3.00883892893
Saint-Sauveur-sur-Ecole,77,77435,48.4997072373,2.53411876201
Maule,78,78380,48.9078548612,1.83959534526
Saint-Remy-lès-Chevreuse,78,78575,48.703873758,2.07898924956
Mareuil-lès-Meaux,77,77276,48.9236226268,2.86975697306
Vaudherland,95,95633,49.0004967295,2.48642956224
Franconville,95,95252,48.9884161105,2.2238932062
Saint-Germain-lès-Corbeil,91,91553,48.6257066899,2.49140468072
Vert-Saint-Denis,77,77495,48.5711806547,2.62717330981
Bouleurs,77,77047,48.879071424,2.90787920973
Rocquencourt,78,78524,48.8327186556,2.10442227131
Ferté-Gaucher (la),77,77182,48.7881786696,3.30423031275
Richarville,91,91519,48.4685502881,1.99842610136
Montesson,78,78418,48.9172263937,2.1399267913
Chalautre-la-Grande,77,77072,48.5497596111,3.44637852602
Cocherel,77,77120,49.018408712,3.10665091541
Giremoutiers,77,77206,48.853040564,3.03326151777
Sevran,93,93071,48.9386070153,2.53124057567
Orveau,91,91473,48.4491758886,2.29666744574
Dannemarie,78,78194,48.7639707435,1.60896965722
Hardricourt,78,78299,49.0109340921,1.88729984064
Ronquerolles,95,95529,49.1677039084,2.21341666638
Aincourt,95,95008,49.0728443021,1.77403416153
Champlan,91,91136,48.7083599746,2.27815398132
Tertre-Saint-Denis (le),78,78608,48.9425366688,1.60840679116
Guigneville-sur-Essonne,91,91293,48.4638589713,2.37103830296
Vémars,95,95641,49.0628571398,2.56723072677
Meilleray,77,77287,48.7981344824,3.41720461603
Montainville,78,78415,48.8802024049,1.85246452448
Luzancy,77,77265,48.9776259019,3.18079774595
Mézy-sur-Seine,78,78403,49.0032908553,1.86919580679
Tancrou,77,77460,49.0038979102,3.07986260706
Linas,91,91339,48.6255061941,2.25135348658
Pontoise,95,95500,49.0513737853,2.09487928948
Sonchamp,78,78601,48.5880930813,1.86888636176
Garentreville,77,77200,48.2339884396,2.55980121131
Tacoignières,78,78605,48.8331353956,1.66523067684
Survilliers,95,95604,49.1059736219,2.54410742752
Plessis-Robinson (le),92,92060,48.7804383642,2.26064286011
Bellefontaine,95,95055,49.0925450079,2.46955814701
Longjumeau,91,91345,48.6900488045,2.30247056719
Poigny,77,77368,48.5449283297,3.27716740959
Othis,77,77349,49.082725931,2.65422672381
Bombon,77,77044,48.5678399041,2.86764154257
Guermantes,77,77221,48.8514207654,2.71246565476
Boisemont,95,95074,49.0186866586,2.00384200606
Montfermeil,93,93047,48.8982616679,2.56714354796
Jablines,77,77234,48.9144697442,2.7566018167
Levallois-Perret,92,92044,48.895071672,2.28688268127
Sèvres,92,92072,48.821476509,2.21052297438
Tartre-Gaudran (le),78,78606,48.6971387233,1.60366113051
Longuesse,95,95348,49.0616626709,1.92659421162
Ableiges,95,95002,49.085772994,1.97486524588
Brueil-en-Vexin,78,78113,49.0264206637,1.81316986042
Frette-sur-Seine (la),95,95257,48.9745244717,2.17786777518
Frémainville,95,95253,49.0662903393,1.86961416716
Mantes-la-Ville,78,78362,48.9747939435,1.71205571778
Longpont-sur-Orge,91,91347,48.6404556934,2.28647061043
Soisy-sous-Montmorency,95,95598,48.9884077875,2.30049978342
Sceaux,92,92071,48.776816369,2.29529414514
Santeny,94,94070,48.7356177142,2.57637480242
Montlhéry,91,91425,48.6422562554,2.26812085232
Herbeville,78,78305,48.9026044293,1.89020414118
Dourdan,91,91200,48.5359351532,1.99430156785
Bruyères-sur-Oise,95,95116,49.1610125293,2.32878300621
Châtenay-en-France,95,95144,49.0649154148,2.46274737647
Yèbles,77,77534,48.6376060545,2.7689913079
Boissy-sans-Avoir,78,78084,48.8210401327,1.79753784845
Thorigny-sur-Marne,77,77464,48.8918979999,2.7123703432
Verneuil-l'Etang,77,77493,48.6370893938,2.8323243324
Plessis-Feu-Aussoux  (le),77,77365,48.7130840275,3.03898703443
Villemaréchal,77,77504,48.2716975707,2.86854814458
Mousseaux-sur-Seine,78,78437,49.0512755444,1.65045587517
Epinay-sous-Sénart,91,91215,48.6871527113,2.51577225487
Haravilliers,95,95298,49.1752644516,2.03713061027
Nanteuil-sur-Marne,77,77331,48.9805109737,3.22232839885
Saint-Maur-des-Fossés,94,94068,48.7990677797,2.49386450452
Deuil-la-Barre,95,95197,48.9712690171,2.32616290144
Lassy,95,95331,49.0949281199,2.4378486193
Fleury-en-Bière,77,77185,48.4452091427,2.54053694793
Champcueil,91,91135,48.5067693664,2.44815529587
Bray-et-Lû,95,95101,49.1421953145,1.66575656789
Dammarie-les-Lys,77,77152,48.5138338655,2.62854374259
Mouroux,77,77320,48.8270896205,3.0508921508
Pierre-Levée,77,77361,48.8973865093,3.03672367575
Puiselet-le-Marais,91,91508,48.3993237404,2.26344473532
Follainville-Dennemont,78,78239,49.0229954846,1.70861078904
Everly,77,77174,48.4602932041,3.2638422634
Ormoy-la-Rivière,91,91469,48.4004789028,2.16430044754
Bois-d'Arcy,78,78073,48.8044185716,2.01911294303
Beynes,78,78062,48.854444414,1.86989017513
Ormesson,77,77348,48.243630146,2.65160228061
Gometz-la-Ville,91,91274,48.672349947,2.10961593577
Saint-Hilliers,77,77414,48.6289146411,3.25823552684
Gennevilliers,92,92036,48.9345190548,2.29384987973
Chaintreaux,77,77071,48.1911011555,2.81419944811
Méréville,91,91390,48.3183780776,2.07369929257
Ormoy,91,91468,48.5732357153,2.45777798707
Rumont,77,77395,48.2703586481,2.4951176944
Bourget (le),93,93013,48.9361847458,2.42827855593
Voisenon,77,77528,48.5701795365,2.66375881473
Chalifert,77,77075,48.8952645645,2.77324024955
Evecquemont,78,78227,49.0172176913,1.94219313244
Vanvillé,77,77481,48.5547348508,3.11550566194
Maurecourt,78,78382,48.998753885,2.05297771853
Haÿ-les-Roses (l'),94,94038,48.7763207843,2.33772915609
Villiers-le-Sec,95,95682,49.0743088682,2.38688959984
Ozoir-la-Ferrière,77,77350,48.7635612396,2.67962508199
Fontaine-la-Rivière,91,91240,48.3602367763,2.16482780211
Limeil-Brévannes,94,94044,48.7450357782,2.48936184357
Lévis-Saint-Nom,78,78334,48.7266074685,1.93544246617
Thoiry,78,78616,48.8724624004,1.79780062062
Andilly,95,95014,49.0084088051,2.30277335813
Ormes-sur-Voulzie (les),77,77347,48.4595788684,3.22503214094
Châtenay-Malabry,92,92019,48.7681690197,2.26282598525
Saint-Siméon,77,77436,48.8045983956,3.19433416433
Celle-les-Bordes (la),78,78125,48.6416446846,1.94488436228
Vélizy-Villacoublay,78,78640,48.783985823,2.19707485523
Fontenay-le-Vicomte,91,91244,48.5468386132,2.40068041051
Boutervilliers,91,91098,48.4555830213,2.05114682408
Ris-Orangis,91,91521,48.6451939168,2.40793631766
Guercheville,77,77220,48.2597174707,2.55771818167
Chars,95,95142,49.1576020656,1.93153133198
Nézel,78,78451,48.9422397324,1.83927892943
Etampes,91,91223,48.4211282308,2.13838881712
Remauville,77,77387,48.2205966192,2.82537192194
Isles-lès-Villenoy,77,77232,48.9170644276,2.83057358355
Estouches,91,91222,48.3069780775,2.13261118075
Gravon,77,77212,48.3882980468,3.12492603624
Lognes,77,77258,48.8332806021,2.63346363172
Annet-sur-Marne,77,77005,48.9223335323,2.70854622393
Brières-les-Scellés,91,91109,48.4636769085,2.14290097216
Saint-Illiers-la-Ville,78,78558,48.9776264452,1.5442103419
Nucourt,95,95459,49.1595393224,1.85643409298
Taverny,95,95607,49.0267316203,2.22116067166
Fontaine-le-Port,77,77188,48.4842448988,2.76706354211
Montchauvet,78,78417,48.8916704709,1.62681497392
Pavillons-sous-Bois,93,93057,48.9082060253,2.50297448267
Mitry-Mory,77,77294,48.9779450158,2.61244465751
Sainte-Geneviève-des-Bois,91,91549,48.6412523804,2.33019417891
Sagy,95,95535,49.0526461167,1.96852121634
Nanterre,92,92050,48.8960701282,2.20671346353
Brou-sur-Chantereine,77,77055,48.8901616457,2.63989859744
Veneux-les-Sablons,77,77491,48.3811719817,2.79535158801
Vert-le-Grand,91,91648,48.583559319,2.36719516135
Pantin,93,93055,48.8983093876,2.40872147475
Vauréal,95,95637,49.0295073382,2.02446619061
Poligny,77,77370,48.2336785458,2.7563432153
Coubert,77,77127,48.6782857887,2.70838590882
Auffreville-Brasseuil,78,78031,48.954418567,1.70514751215
Nerville-la-Forêt,95,95445,49.0903513665,2.27625010335
Charmont,95,95141,49.1370870263,1.78987414307
Gironville-sur-Essonne,91,91273,48.3663326191,2.34574347653
Moussy,95,95438,49.1349938099,1.90868035748
Mittainville,78,78407,48.6632271873,1.63564999259
Saint-Witz,95,95580,49.0857837241,2.55227615042
Cachan,94,94016,48.7916121646,2.33153313164
Rozay-en-Brie,77,77393,48.6835473801,2.96386164436
Boissy-Saint-Léger,94,94004,48.7470359922,2.52528049019
Lumigny-Nesles-Ormeaux,77,77264,48.719582466,2.95371291045
Servon,77,77450,48.7150535859,2.59164264543
Ville-d'Avray,92,92077,48.8215895592,2.17761311514
Luzarches,95,95352,49.1151211125,2.44082640954
Osny,95,95476,49.0676589923,2.06311678451
Livilliers,95,95341,49.1004574229,2.09462391064
Grandchamp,78,78283,48.7197572172,1.61429077254
Grigny,91,91286,48.6568896116,2.38789647858
Villeneuve-les-Bordes,77,77509,48.4947457361,3.03085746067
Sigy,77,77452,48.4730612622,3.16363962665
Loges-en-Josas (les),78,78343,48.7624385138,2.13911723694
Villiers-sur-Morin,77,77521,48.8490884714,2.86879135984
Marly-le-Roi,78,78372,48.865007453,2.09125004298
Chailly-en-Bière,77,77069,48.4697661737,2.61164875379
Montmorency,95,95428,48.9918643363,2.32119797848
Butry-sur-Oise,95,95120,49.083906326,2.19184448916
Nemours,77,77333,48.2596067909,2.71107993087
Nandy,77,77326,48.5821287279,2.54782852721
Sept-Sorts,77,77448,48.940158615,3.10627084315
Avrainville,91,91041,48.5576520151,2.24428910412
Bussy-Saint-Georges,77,77058,48.8308269318,2.7225014237
Médan,78,78384,48.9548235398,1.98757804173
Belloy-en-France,95,95056,49.0922395849,2.371761287
Limours,91,91338,48.6465432324,2.08125663662
Vayres-sur-Essonne,91,91639,48.431521942,2.34569131488
Misy-sur-Yonne,77,77293,48.3656144275,3.0952436577
Galluis,78,78262,48.7975623096,1.79110153574
Val-Saint-Germain (le),91,91630,48.5678789376,2.08128870384
Moret-sur-Loing,77,77316,48.365092921,2.81172585849
Noisy-sur-Oise,95,95456,49.1346676659,2.32848304396
Saâcy-sur-Marne,77,77397,48.9510388059,3.21708919555
Villeron,95,95675,49.060842982,2.5345109745
Livry-Gargan,93,93046,48.9197633213,2.53486592332
Mauchamps,91,91378,48.5272680908,2.19718165044
Lesches,77,77248,48.9152646344,2.79280740269
Villeneuve-en-Chevrie (la),78,78668,49.0171283911,1.53111618568
Lisses,91,91340,48.5966688856,2.42469094606
Vétheuil,95,95651,49.0620216513,1.70672153604
Germigny-sous-Coulombs,77,77204,49.0643954929,3.16141463916
Arnouville-lès-Mantes,78,78020,48.9110068941,1.72043999321
Villuis,77,77523,48.4053424747,3.35903644752
Guerville,78,78291,48.9523717718,1.74080558769
Morsang-sur-Seine,91,91435,48.5768153629,2.50087368249
Voisins-le-Bretonneux,78,78688,48.758677648,2.04850691768
Ferrières,77,77181,48.8200397561,2.70761245584
Chaville,92,92022,48.8076083562,2.19234061062
Montenils,77,77304,48.835294187,3.47842344404
Saint-Maurice,94,94069,48.8184921372,2.4374501342
Blennes,77,77035,48.2449362017,3.01197543789
Bréviaires (les),78,78108,48.7212410686,1.81639481084
Saint-Escobille,91,91547,48.4224153678,1.95796421561
Varennes-Jarcy,91,91631,48.6815226941,2.56238031249
Montigny-le-Guesdier,77,77310,48.3812410409,3.24951033168
Saint-Arnoult-en-Yvelines,78,78537,48.5725220079,1.93463847942
Liverdy-en-Brie,77,77254,48.6956850464,2.78032213187
Chalou-Moulineux,91,91131,48.3803154982,2.02616711579
Villeneuve-le-Comte,77,77508,48.8115357459,2.83836128857
Barcy,77,77023,49.0168774828,2.87655979952
Dammartin-sur-Tigeaux,77,77154,48.8083782663,2.90339672322
Etiolles,91,91225,48.6501283496,2.48331098589
Ferté-Alais (la),91,91232,48.481221954,2.36734978463
Bannost-Villegagnon,77,77020,48.6753809899,3.19190655288
Senlisse,78,78590,48.6854188568,1.97174310378
Bagneaux-sur-Loing,77,77016,48.2233131664,2.70750970158
Baulne,91,91047,48.4949687726,2.38140884118
Montry,77,77315,48.8859315574,2.82319777839
Essarts-le-Roi (les),78,78220,48.716019265,1.8952517006
Carrières-sur-Seine,78,78124,48.9119335064,2.17838235323
Pierrelaye,95,95488,49.0194444023,2.16105557777
Plessis-aux-Bois (le),77,77364,49.0037760261,2.76764045922
Auvers-sur-Oise,95,95039,49.0803858577,2.15488070885
Vésinet (le),78,78650,48.8938640591,2.13039312004
Bellot,77,77030,48.8416858718,3.3240177722
Jouy-sur-Morin,77,77240,48.7955034518,3.27252320756
Chilly-Mazarin,91,91161,48.7077663127,2.3111122334
Leudon-en-Brie,77,77250,48.7304236391,3.2680908114
Villiers-sur-Orge,91,91685,48.6584199819,2.29950120792
Blanc-Mesnil (le),93,93007,48.9395475536,2.46112148528
Saint-Cyr-l'Ecole,78,78545,48.8065759294,2.0659250703
Mézières-sur-Seine,78,78402,48.953428636,1.78287413415
Avon,77,77014,48.4129699101,2.73351873997
Charenton-le-Pont,94,94018,48.8228084978,2.40760915477
Haute-Maison (la),77,77225,48.8841264989,3.00569184171
Gouaix,77,77208,48.4760442904,3.2968135463
Croix-en-Brie (la),77,77147,48.5944942615,3.07093990033
Garenne-Colombes (la),92,92035,48.9067577111,2.24464604084
Coupvray,77,77132,48.8855498316,2.79349218664
Juziers,78,78327,48.9999173467,1.84036602544
Gometz-le-Châtel,91,91275,48.6745834658,2.142891374
Jossigny,77,77237,48.8311007596,2.76323402723
Triel-sur-Seine,78,78624,48.9780282513,2.00877051663
Melun,77,77288,48.5444723553,2.65795821917
Coulommiers,77,77131,48.8122991656,3.09124381847
Aigremont,78,78007,48.9008380509,2.0153630611
Chevry-en-Sereine,77,77115,48.2486077465,2.96038387712
Feucherolles,78,78233,48.8800880696,1.97983777956
Argenteuil,95,95018,48.9511344629,2.2410409502
Elancourt,78,78208,48.7781596518,1.96049898519
Presles,95,95504,49.1118569843,2.28674437908
Plessis-Luzarches (le),95,95493,49.095729672,2.45475644312
Etang-la-Ville (l'),78,78224,48.8674116059,2.06048754387
Orgeval,78,78466,48.9164887331,1.96928773573
Villiers-le-Bel,95,95680,49.0084494157,2.40385604039
Souzy-la-Briche,91,91602,48.5269161626,2.15432082253
Montarlot,77,77299,48.3513975864,2.85826669265
Boissets,78,78076,48.8587317942,1.58768309542
Charmentray,77,77094,48.9509081872,2.77901265334
Condécourt,95,95170,49.0375647936,1.93659110857
Soisy-sur-Seine,91,91600,48.6601163856,2.46296011606
Commeny,95,95169,49.126580535,1.88800469417
Paroy,77,77355,48.4812861292,3.20164565449
Pamfou,77,77354,48.4686137503,2.86415645196
Beaumont-sur-Oise,95,95052,49.1400981058,2.30021267239
Chartrettes,77,77096,48.4942666127,2.71362181584
Montceaux-lès-Meaux,77,77300,48.9434088877,2.99444163212
Cernay-la-Ville,78,78128,48.6696344922,1.95970981041
Vigny,95,95658,49.080165557,1.92992323682
Mauperthuis,77,77281,48.7700152942,3.03854436652
Saint-Lambert,78,78561,48.7339427592,2.00622958047
Saint-Yon,91,91581,48.5610752043,2.19243577473
Saint-Hilarion,78,78557,48.6224983516,1.72861527853
Cergy,95,95127,49.0401131567,2.05082123731
Vulaines-lès-Provins,77,77532,48.5636143707,3.21951808619
Fresnes-sur-Marne,77,77196,48.9418117332,2.73978982468
Igny,91,91312,48.7362250613,2.22442021749
Yerres,91,91691,48.7157210712,2.49273020271
Nainville-les-Roches,91,91441,48.5047296879,2.49555231597
Gurcy-le-Châtel,77,77223,48.4844716006,3.0809062943
Adainville,78,78006,48.7201535833,1.66232511762
Epinay-sur-Orge,91,91216,48.672618112,2.31834586071
Châteaubleau,77,77098,48.5830851034,3.10857327047
Magny-les-Hameaux,78,78356,48.7410207273,2.0519793397
Plessis-Bouchard (le),95,95491,49.0032793478,2.23401999637
Brunoy,91,91114,48.6964396294,2.50394753271
Villeroy,77,77515,48.9824706589,2.78307266843
Amponville,77,77003,48.2874371683,2.53069073747
Courneuve (la ),93,93027,48.9322569546,2.39978064801
Marolles-en-Hurepoix,91,91376,48.5649798618,2.29920657171
Boigneville,91,91069,48.3281689535,2.36609167603
Saint-Chéron,91,91540,48.5491975829,2.12662820406
Villiers-en-Bière,77,77518,48.495422077,2.60034178878
Villeparisis,77,77514,48.9419981883,2.61700200964
Fontenay-en-Parisis,95,95241,49.0501196631,2.44539371928
Montmagny,95,95427,48.9699195841,2.3460753179
Voulton,77,77530,48.6116398027,3.3397616891
Villiers-sous-Grez,77,77520,48.3144333448,2.6391835166
Montreuil-sur-Epte,95,95429,49.1704950487,1.68615384906
Montsoult,95,95430,49.0715830247,2.30381480542
Villennes-sur-Seine,78,78672,48.9368195223,1.99586527491
Dannemois,91,91195,48.4597288126,2.46450828384
Jumeauville,78,78325,48.9066083606,1.78398775719
Trappes,78,78621,48.7750019561,1.99344014312
Leuville-sur-Orge,91,91333,48.614191732,2.26786916606
Savigny-le-Temple,77,77445,48.5884785769,2.57373861268
Issy-les-Moulineaux,92,92040,48.82347434,2.26449823277
Saint-Germain-Laxis,77,77410,48.5862771914,2.70637166512
Darvault,77,77156,48.277038883,2.72843016047
Mantes-la-Jolie,78,78361,48.9981665392,1.69337806821
Attainville,95,95028,49.0609607975,2.35043699897
Saint-Ouen,93,93070,48.909806575,2.33257042205
Plessis-Gassot (le),95,95492,49.0357861801,2.41591923278
Cormeilles-en-Vexin,95,95177,49.1134329307,2.01977916637
Choisy-en-Brie,77,77116,48.764988826,3.21324104844
Saint-Léger,77,77417,48.8435888825,3.27123408518
Prunay-sur-Essonne,91,91507,48.3520662513,2.36130827572
Pecqueuse,91,91482,48.6482785839,2.03658537249
Montigny-lès-Cormeilles,95,95424,48.9938035561,2.19351793046
Longvilliers,78,78349,48.5741940135,1.99920343837
Dhuisy,77,77157,49.0357759838,3.16433496105
Dormelles,77,77161,48.3134232598,2.88922235899
Doue,77,77162,48.8741885092,3.16866538341
Poissy,78,78498,48.9235359371,2.02715552772
Augers-en-Brie,77,77012,48.6668346631,3.35240178386
Rosny-sur-Seine,78,78531,48.9964226633,1.60820077392
Jagny-sous-Bois,95,95316,49.0814278078,2.44399511411
Croissy-sur-Seine,78,78190,48.8787825592,2.13541164589
Saint-Mard,77,77420,49.0387495499,2.69702650217
Montreuil,93,93048,48.8633175054,2.44816211857
Machault,77,77266,48.445996968,2.84112295871
Eragny,95,95218,49.0204587496,2.10136635847
Saint-Germain-sous-Doue,77,77411,48.8511027251,3.13894203561
Bullion,78,78120,48.6245810321,1.98307952001
Noyen-sur-Seine,77,77341,48.4518691045,3.34226623535
Mondreville,77,77297,48.1510497294,2.5976435537
Cerneux,77,77066,48.7047767033,3.34596512996
Ivry-sur-Seine,94,94041,48.8128063812,2.38778023612
Châtenoy,77,77102,48.2308781488,2.62712492954
Moissy-Cramayel,77,77296,48.6285851533,2.5960231045
Clos-Fontaine,77,77119,48.6035279611,3.01423593373
Villiers-Adam,95,95678,49.0702888248,2.23950871871
Clichy-sous-Bois,93,93014,48.9076285106,2.5462022266
Epinay-Champlâtreux,95,95214,49.0900262096,2.40710033598
Bois-Colombes,92,92009,48.9153368426,2.26738552597
Vincy-Manoeuvre,77,77526,49.0760096587,2.95813750524
Jouy-le-Châtel,77,77239,48.6642848062,3.13507230422
Omerville,95,95462,49.1427407784,1.72224789983
Bazainville,78,78048,48.8073241204,1.66749054563
Longperrier,77,77259,49.0509695359,2.65542471026
Montigny-Lencoup,77,77311,48.4543482078,3.05281640962
Sancy-lès-Provins,77,77444,48.7095987707,3.39288392593
Pontault-Combault,77,77373,48.7871411658,2.61407436985
Saint-Fiacre,77,77408,48.9247152564,2.95384065653
Rueil-Malmaison,92,92063,48.8691897371,2.1773406315
Bourron-Marlotte,77,77048,48.3352610776,2.70169993506
Burcy,77,77056,48.2330689473,2.52555422379
Presles-en-Brie,77,77377,48.7132293584,2.73724881309
Pézarches,77,77360,48.7441065539,2.99013605672
Chartronges,77,77097,48.7513681905,3.26256489697
Ponthévrard,78,78499,48.5499350037,1.90806414752
Clairefontaine-en-Yvelines,78,78164,48.6167741818,1.90638035997
Richebourg,78,78520,48.8248023552,1.63460154303
Plessis-Pâté (le),91,91494,48.6071065715,2.3415354355
Mesnil-Saint-Denis (le),78,78397,48.7402250614,1.96613835861
Jambville,78,78317,49.0484754419,1.84836541189
Courquetaine,77,77136,48.6799468611,2.74754781347
Maisons-Laffitte,78,78358,48.9523369002,2.15161594901
Grosrouvre,78,78289,48.7803262238,1.75722546892
Chaussy,95,95150,49.1134565492,1.70351386398
Nanteau-sur-Essonne,77,77328,48.3201309037,2.42677043892
Noiseau,94,94053,48.774315467,2.55542375351
Gressey,78,78285,48.8328470856,1.60339390976
Orly,94,94054,48.7429320073,2.39468296999
Rosay,78,78530,48.9113105941,1.68395914645
Mondeville,91,91412,48.4912035622,2.4204540658
Serris,77,77449,48.844790279,2.78754866071
Cannes-Ecluse,77,77061,48.3640376731,2.99078667983
Saint-Ouen-sur-Morin,77,77429,48.9068261671,3.20190542412
Bailly-Romainvilliers,77,77018,48.8434284926,2.81665828126
Courdimanche-sur-Essonne,91,91184,48.418031424,2.36344067611
Bransles,77,77050,48.1490796752,2.82814445347
Hédouville,95,95304,49.1584963577,2.17768034545
Thoury-Férottes,77,77465,48.2974586378,2.93972064778
Ballancourt-sur-Essonne,91,91045,48.521899752,2.38788025142
Romainville,93,93063,48.8852118968,2.43767884231
Plessis-Placy (le),77,77367,49.0533468836,2.98533936874
Ecrennes (les),77,77165,48.4956746939,2.8755286018
Maincy,77,77269,48.554015687,2.70614781441
Verdelot,77,77492,48.8785255196,3.36521259688
Champs-sur-Marne,77,77083,48.8483311726,2.59610325483
Savins,77,77446,48.5115912505,3.20518344066
Méry-sur-Oise,95,95394,49.0548422566,2.17397254184
Varreddes,77,77483,49.0058198768,2.92807790082
Ichy,77,77230,48.2062867777,2.54177134265
Crosne,91,91191,48.7200869901,2.46331727859
Nesles-la-Vallée,95,95446,49.1260403898,2.17176267252
Orsonville,78,78472,48.4779086815,1.82683665622
Saint-Cyr-en-Arthies,95,95543,49.059130605,1.74195790474
Citry,77,77117,48.9608892793,3.24583955938
Saint-Prix,95,95574,49.0208224816,2.27015066493
Solers,77,77457,48.6593859188,2.72669568972
Penchard,77,77358,48.9907877063,2.85773717283
Chérence,95,95157,49.0911714832,1.68127200467
Breuil-Bois-Robert,78,78104,48.9436009662,1.71471708447
Villeneuve-Saint-Denis,77,77510,48.8124542945,2.79328879273
Fontenay-lès-Briis,91,91243,48.6107631779,2.16460955805
Briis-sous-Forges,91,91111,48.6271447741,2.1309080467
Congerville-Thionville,91,91613,48.3827643404,1.99087904506
Frouville,95,95258,49.1574870013,2.14659092833
Saint-Brice,77,77403,48.5723421342,3.33441347649
Authon-la-Plaine,91,91035,48.4534137641,1.95677183334
Celle-Saint-Cloud (la),78,78126,48.8469487124,2.13519126228
Aulnay-sur-Mauldre,78,78033,48.9291229778,1.84081525646
Auteuil,78,78034,48.8394911873,1.81898836973
Beauvoir,77,77029,48.6420172822,2.86359124408
Gressy,77,77214,48.9650099729,2.66440376724
Crouy-sur-Ourcq,77,77148,49.0867480473,3.07964633492
Buno-Bonnevaux,91,91121,48.3569089853,2.40696147299
Bréval,78,78107,48.9549709174,1.54155385963
Sarcelles,95,95585,48.9902250437,2.38160272749
Villeneuve-sur-Bellot,77,77512,48.8731734921,3.33324327712
Savigny-sur-Orge,91,91589,48.684228392,2.34873862215
Nozay,91,91458,48.6606560132,2.23814387316
Flexanville,78,78236,48.8551084372,1.74312032703
Gambaiseuil,78,78264,48.7565484282,1.72527322588
Saint-Mesmes,77,77427,48.9856128069,2.71476494573
Balloy,77,77019,48.3968757624,3.15136324376
Arcueil,94,94003,48.8058803597,2.33351024984
Gonesse,95,95277,48.9864903049,2.4569899628
Soindres,78,78597,48.9535424225,1.67168350661
Boinville-en-Mantois,78,78070,48.9284835934,1.74928034755
Courchamp,77,77134,48.6425226208,3.28982875028
Saint-Martin-de-Bréthencourt,78,78564,48.5148592192,1.91568171795
Jaulnes,77,77236,48.4144765757,3.27634735642
Mondreville,78,78413,48.9042583015,1.55787016876
Neauphle-le-Château,78,78442,48.8130997421,1.90470412718
Rubelles,77,77394,48.5646424027,2.68024008996
Dugny,93,93030,48.9503408732,2.4238637503
Puiseux-Pontoise,95,95510,49.0637642089,2.01586749979
Isles-les-Meldeuses,77,77231,48.9977413131,3.01254542771
Boisdon,77,77036,48.6755736092,3.2262301193
Marnes-la-Coquette,92,92047,48.830271264,2.16647261735
Fontenay-aux-Roses,92,92032,48.7897301312,2.28723493557
Mesnil-Amelot (le),77,77291,49.0161420137,2.59606893654
Trocy-en-Multien,77,77476,49.04241911,2.96205647548
Vincennes,94,94080,48.8473732045,2.43798650741
Villaines-sous-Bois,95,95660,49.0753739915,2.35663670214
Mareil-le-Guyon,78,78366,48.7910883719,1.85148876174
Vaudoué  (le),77,77485,48.3471336431,2.52187638095
Marolles-en-Brie,94,94048,48.7394780616,2.55491338455
Hermeray,78,78307,48.653842919,1.68849471188
Bouville,91,91100,48.4326483441,2.2783856422
Rennemoulin,78,78518,48.8332483875,2.04229462765
Houilles,78,78311,48.9265781359,2.18746402551
Champeaux,77,77082,48.5919791102,2.81118299659
Boissise-la-Bertrand,77,77039,48.5339084489,2.58950755763
Etrépilly,77,77173,49.0420868725,2.93051906569
Villemareuil,77,77505,48.9202287763,2.98474504505
Conches,77,77124,48.8575681036,2.71923246791
Chelles,77,77108,48.883962967,2.59686448583
Bagneux,92,92007,48.7983229866,2.30989995212
Saint-Barthélemy,77,77402,48.8198934361,3.364501575
Bazoches-lès-Bray,77,77025,48.3983722929,3.19261811911
Réau,77,77384,48.6073931366,2.62398597049
Noisiel,77,77337,48.8460926469,2.61997100426
Rambouillet,78,78517,48.6539051954,1.82652871851
Chalautre-la-Petite,77,77073,48.5273173873,3.31527496472
Favières,77,77177,48.7803198731,2.76799621912
Auvernaux,91,91037,48.5291181496,2.4879155112
Moisson,78,78410,49.0682573401,1.66415011183
Santeuil,95,95584,49.1295034535,1.95810304373
Monnerville,91,91414,48.3475778316,2.03756140392
Perreux-sur-Marne (le),94,94058,48.8423952383,2.50406848573
Videlles,91,91654,48.4683664138,2.42068572026
Chesnay (le),78,78158,48.8272397742,2.13014908209
Palaiseau,91,91477,48.7146765876,2.22881488083
Sablonnières,77,77398,48.8758526374,3.29342847866
Saint-Mars-Vieux-Maisons,77,77421,48.7382088381,3.3197504668
Cerny,91,91129,48.4859798517,2.31068283872
Saint-Fargeau-Ponthierry,77,77407,48.5390914714,2.52499710746
Rolleboise,78,78528,49.0191886627,1.60183464658
Pommeuse,77,77371,48.8178723511,3.00613268677
Villiers-le-Mahieu,78,78681,48.8533372475,1.77379972597
Champcenest,77,77080,48.6709207707,3.27677023622
Forfry,77,77193,49.0535919932,2.84961058916
Saint-Martin-des-Champs,77,77423,48.7883444526,3.33427084633
Mauregard,77,77282,49.0288930356,2.57185471414
Villecerf,77,77501,48.32726351,2.84591675983
Boullay-les-Troux,91,91093,48.6753515056,2.04828313772
Sammeron,77,77440,48.9415743758,3.07701664102
Garges-lès-Gonesse,95,95268,48.9701231267,2.40534038501
Montereau-sur-le-Jard,77,77306,48.5963121616,2.67243506612
Herblay,95,95306,49.0007002763,2.14967680776
Roinville,91,91525,48.5170698274,2.05333144451
Combs-la-Ville,77,77122,48.657908631,2.57516916269
Bellay-en-Vexin (le),95,95054,49.149355833,1.87860817105
Bures-sur-Yvette,91,91122,48.6929979919,2.15838686116
Méricourt,78,78391,49.0370419554,1.62393586388
Condé-Sainte-Libiaire,77,77125,48.8985882759,2.83639912671
Chambourcy,78,78133,48.8960592796,2.03321565205
Orvilliers,78,78474,48.8548104012,1.64252100195
Noisy-sur-Ecole,77,77339,48.3776889866,2.50874542385
Asnières-sur-Seine,92,92004,48.9153530123,2.2880384663
Mouy-sur-Seine,77,77325,48.4321477503,3.24604389645
Beton-Bazoches,77,77032,48.7072104391,3.24596468954
Echarcon,91,91204,48.5750589359,2.40080185445
Saint-Illiers-le-Bois,78,78559,48.9650939758,1.5118698164
Villeneuve-le-Roi,94,94077,48.7320914576,2.41037420069
Bussières,77,77057,48.9266351593,3.23747220268
Bernes-sur-Oise,95,95058,49.165413332,2.3012763367
Méré,78,78389,48.7955470885,1.81994051826
Frétoy,77,77197,48.7063577233,3.20260750472
Poincy,77,77369,48.9734167231,2.92373383139
Marles-en-Brie,77,77277,48.7249445304,2.88847597866
Villebon-sur-Yvette,91,91661,48.6956774396,2.23505155118
Septeuil,78,78591,48.8882003986,1.68459218607
Theuville,95,95611,49.1567965357,2.0691663538
Grez-sur-Loing,77,77216,48.3071221634,2.67742341915
Forêt-Sainte-Croix (la),91,91248,48.3840802182,2.23053467052
Bazoches-sur-Guyonne,78,78050,48.7738475764,1.85242453244
Jutigny,77,77242,48.4940082553,3.22666999554
Villetaneuse,93,93079,48.9572976501,2.34506633651
Mareil-en-France,95,95365,49.0700384798,2.41753793907
Maisons-Alfort,94,94046,48.8063923267,2.43818248906
Bernay-Vilbert,77,77031,48.675289546,2.92952115165
Chailly-en-Brie,77,77070,48.7924119914,3.13372765274
Château-Landon,77,77099,48.1483667558,2.69970869665
Ussy-sur-Marne,77,77478,48.9665838811,3.08198151842
Pecq (le),78,78481,48.8936170481,2.10503635898
Guibeville,91,91292,48.5671878264,2.27170202676
Oissery,77,77344,49.0705440359,2.8176701421
Ocquerre,77,77343,49.0335795596,3.06016213237
Sainte-Colombe,77,77404,48.5343555436,3.25919071204
Boissy-aux-Cailles,77,77041,48.3118839635,2.49277036234
Puisieux,77,77380,49.0654141426,2.91537283877
Lainville,78,78329,49.0624169047,1.81689951894
Saint-Remy-l'Honoré,78,78576,48.7487507773,1.87573805831
Magny-le-Hongre,77,77268,48.866827281,2.81442274783
Forges-les-Bains,91,91249,48.619866924,2.08295423107
Guitrancourt,78,78296,49.0075668772,1.77906463847
Neuilly-Plaisance,93,93049,48.8643287852,2.51040249898
Draveil,91,91201,48.6778413772,2.42197801862
Coulombs-en-Valois,77,77129,49.0777461945,3.12814777064
Saint-Cloud,92,92064,48.8428741034,2.20864570316
Esmans,77,77172,48.3429519807,2.96915653301
Verneuil-sur-Seine,78,78642,48.9872093367,1.96276532174
Saint-Michel-sur-Orge,91,91570,48.6320496004,2.31170277845
Grisy-sur-Seine,77,77218,48.4392463445,3.31754499195
Courtry,77,77139,48.9167295268,2.60299399479
Fresnes,94,94034,48.7571343016,2.32612839743
Salins,77,77439,48.4316639187,3.0194177211
Thénisy,77,77461,48.4916945564,3.17799318925
Boitron,77,77043,48.8965868598,3.26188355205
Saint-Martin-des-Champs,78,78565,48.8778929255,1.7191676109
Vert,78,78647,48.9403014358,1.68320274306
Etréchy,91,91226,48.4924832389,2.17928848122
Rebais,77,77385,48.8579690039,3.23286797694
Chapelle-en-Vexin (la),95,95139,49.1835139361,1.72855495896
Louveciennes,78,78350,48.8590188206,2.11364039022
Angervilliers,91,91017,48.5911202876,2.05864904136
Drocourt,78,78202,49.0519623345,1.76822079992
Jaignes,77,77235,48.9870552422,3.07455824871
Bonnelles,78,78087,48.6181895067,2.0296290825
Goupillières,78,78278,48.8811163086,1.76679868988
Trilbardou,77,77474,48.9487712002,2.80417897378
Villepreux,78,78674,48.8311450096,2.0130908572
Bonneuil-sur-Marne,94,94011,48.7733620104,2.48799310463
Magny-en-Vexin,95,95355,49.158617564,1.81039322129
Flins-Neuve-Eglise,78,78237,48.8927473667,1.57663299283
Villeneuve-sous-Dammartin,77,77511,49.0287050139,2.6367073967
Chapelle-Iger (la),77,77087,48.6514529209,2.99242283241
Baillet-en-France,95,95042,49.0587634445,2.30242390203
Couilly-Pont-aux-Dames,77,77128,48.8816698375,2.86534000286
Buchelay,78,78118,48.9837019552,1.67436909003
Maisoncelles-en-Brie,77,77270,48.858937632,2.99380875199
Emancé,78,78209,48.5912443616,1.73390174623
Messy,77,77292,48.9671202326,2.70115983516
Saint-Germain-lès-Arpajon,91,91552,48.5982444605,2.2646136849
Villiers-Saint-Frédéric,78,78683,48.8201784594,1.88250820601
Raizeux,78,78516,48.6356143673,1.68906925205
Frémécourt,95,95254,49.1234959164,1.99347687153
Lescherolles,77,77247,48.7608681529,3.35044757724
Flagy,77,77184,48.3095715742,2.91700896132
Genevraye (la),77,77202,48.3150277838,2.75296542795
Saint-Mammès,77,77419,48.3867865582,2.81899706389
Mortery,77,77319,48.5914990543,3.24833157158
Moussy-le-Neuf,77,77322,49.0702568046,2.60754182712
Boissy-Mauvoisin,78,78082,48.9658595506,1.58159815753
Valence-en-Brie,77,77480,48.4462252242,2.89307139548
Jouy-en-Josas,78,78322,48.7661635434,2.16266396041
Coignières,78,78168,48.7497670046,1.91381870273
Auvers-Saint-Georges,91,91038,48.4773721699,2.22600147466
Leudeville,91,91332,48.5707254105,2.32774257442
Chauconin-Neufmontiers,77,77335,48.9719332783,2.83158634864
Monthyon,77,77309,49.0101085628,2.83291898468
Thieux,77,77462,49.0091475315,2.66309885608
Guyancourt,78,78297,48.7730783892,2.07605207737
Port-Marly (le),78,78502,48.8804759755,2.10903947427
Châtillon-la-Borde,77,77103,48.5377423569,2.82685181318
Neauphle-le-Vieux,78,78443,48.8151801039,1.85898101008
Boissy-l'Aillerie,95,95078,49.0831174161,2.03269283542
Sivry-Courtry,77,77453,48.530887524,2.75615007071
Limoges-Fourches,77,77252,48.6265916189,2.66952295413
Andrésy,78,78015,48.9815454378,2.05025746939
Domont,95,95199,49.0296655684,2.32290103729
Boulancourt,77,77046,48.2614508893,2.45112404829
Margency,95,95369,49.0014888466,2.28907008969
Villers-en-Arthies,95,95676,49.0858999284,1.73039629888
Tournan-en-Brie,77,77470,48.739865817,2.77820566994
Treuzy-Levelay,77,77473,48.2730119814,2.79481734896
Andrezel,77,77004,48.6145967279,2.8066323497
Ambleville,95,95011,49.1509533273,1.69495333477
Courcouronnes,91,91182,48.6216349774,2.41288009058
Charny,77,77095,48.9697818712,2.7560033506
Gastins,77,77201,48.6267877328,3.02021144057
Cravent,78,78188,48.9895744703,1.48459959094
Queue-les-Yvelines (la),78,78513,48.8027893482,1.76744000641
Gironville,77,77207,48.1626911918,2.53341548743
Sourdun,77,77459,48.5369434021,3.3628787539
Champagne-sur-Seine,77,77079,48.4093568314,2.8079339272
Courbevoie,92,92026,48.8984504771,2.25570587289
Baby,77,77015,48.3894152157,3.3448043159
Ferté-sous-Jouarre (la),77,77183,48.9540164057,3.12762174384
Dampmart,77,77155,48.8943626322,2.74598280906
Marcilly,77,77274,49.0370437307,2.88048254724
Morainvilliers,78,78431,48.9343458176,1.94550312886
Gesvres-le-Chapitre,77,77205,49.0358954042,2.84316991013
Chatou,78,78146,48.8965574645,2.15393458329
Ermont,95,95219,48.98824217,2.25662443737
Fontenay-Trésigny,77,77192,48.697973344,2.86231363712
Lissy,77,77253,48.6181092789,2.70150853218
Chauffry,77,77106,48.8218818253,3.18099765766
Montceaux-lès-Provins,77,77301,48.6965479073,3.444463614
Meudon,92,92048,48.8037275796,2.22696287829
Lésigny,77,77249,48.7497182303,2.61583775274
Flins-sur-Seine,78,78238,48.9673692016,1.87272187331
Groslay,95,95288,48.9849701077,2.35049057811
Menouville,95,95387,49.1532355635,2.10779433987
Châteaufort,78,78143,48.7390044414,2.09509831044
Choisy-le-Roi,94,94022,48.764315118,2.41742518222
Chaumes-en-Brie,77,77107,48.6671544898,2.84491273965
Chenoise,77,77109,48.6221074853,3.19218767904
Valmondois,95,95628,49.0976500716,2.18016319535
Courcelles-sur-Viosne,95,95181,49.073025738,1.99630178022
Condé-sur-Vesgre,78,78171,48.7324954071,1.67372721841
Evry,91,91228,48.6294831659,2.44008244492
Janvry,91,91319,48.6461448761,2.15536092787
Saulx-les-Chartreux,91,91587,48.6850264714,2.26634749221
Itteville,91,91315,48.5145241389,2.34431579636
Varennes-sur-Seine,77,77482,48.3685393925,2.93052193046
Saint-Ouen-l'Aumône,95,95572,49.0441683455,2.12861303743
Boutigny,77,77049,48.9127981727,2.9292515848
Champagne-sur-Oise,95,95134,49.1427759123,2.22801680604
Corbeil-Essonnes,91,91174,48.6034809251,2.46934079002
Pringy,77,77378,48.5176600254,2.55002787016
Porcheville,78,78501,48.9761864885,1.76831015347
Arbonne-la-Forêt,77,77006,48.4103383904,2.5610975271
Chessy,77,77111,48.8723310998,2.77039964715
Genainville,95,95270,49.1168671395,1.75427492934
Saint-Pathus,77,77430,49.0737570585,2.78794221143
Saint-Aubin,91,91538,48.7149626666,2.1395315453
Montigny-sur-Loing,77,77312,48.3413324688,2.75094860085
Gouvernes,77,77209,48.8584691866,2.69464360484
Gaillon-sur-Montcient,78,78261,49.0298577394,1.89797446964
Boinville-le-Gaillard,78,78071,48.4958030642,1.87115102424
Chennevières-sur-Marne,94,94019,48.7976502878,2.54157630073
Epinay-sur-Seine,93,93031,48.9550132062,2.31453043231
Meulan,78,78401,49.0064171984,1.91317556338
Saint-Nom-la-Bretèche,78,78571,48.8634050098,2.01915428049
Boissy-sous-Saint-Yon,91,91085,48.5500395894,2.21286982392
Arthies,95,95024,49.0949860681,1.79726253732
Chanteloup-en-Brie,77,77085,48.8577766033,2.74039391563
Bougival,78,78092,48.8635986439,2.13760707765
Vicq,78,78653,48.821484306,1.82843694709
Torcy,77,77468,48.8532553496,2.65123227423
Courson-Monteloup,91,91186,48.5982232022,2.14130817077
Lorrez-le-Bocage-Préaux,77,77261,48.2397310097,2.89648812918
Chevilly-Larue,94,94021,48.766848001,2.35306611234
Passy-sur-Seine,77,77356,48.4286806122,3.34584614582
Oinville-sur-Montcient,78,78460,49.0255099055,1.84612045415
Chevru,77,77113,48.7336804794,3.19577502632
Aubervilliers,93,93001,48.9121722626,2.38445513768
